{
  "max_sharpe": {
    "weights": {
      "DIS": 0.0,
      "QQQ": 1.8695189954206024e-17,
      "BMA.BA": 0.0,
      "VEA": 0.0,
      "EWZ": 0.0,
      "NFLX": 0.0,
      "^MERV": 4.4534436022232384e-17,
      "ALUA.BA": 0.022412827124305257,
      "VTI": 0.0,
      "PAMP.BA": 0.19000682703136784,
      "IVV": 1.0380959671787206e-16,
      "^GSPC": 1.8726776091187345e-16,
      "GOOGL": 0.0,
      "MSFT": 7.660241049077941e-17,
      "BYMA.BA": 0.2379462319145864,
      "AAPL": 8.696436718841905e-17,
      "TSLA": 0.05974007442848193,
      "COME.BA": 0.191767944083439,
      "TXAR.BA": 0.01676540584484894,
      "SPY": 7.49576863447849e-19,
      "CRES.BA": 4.915089938291355e-17,
      "GGAL.BA": 3.2440041417698906e-17,
      "META": 7.7433198819014e-17,
      "^IXIC": 0.0,
      "NVDA": 0.2675999770467342,
      "AMZN": 1.1321176155421627e-16,
      "VWO": 5.203980588443094e-17,
      "YPFD.BA": 2.2699204458848734e-17,
      "CEPU.BA": 6.136641091092022e-17,
      "IBM": 0.013760712526236703
    },
    "rendimiento": 0.5111871695446518,
    "volatilidad": 0.25641112278311406,
    "sharpe_ratio": 1.7986238839363768,
    "success": true
  },
  "min_volatility": {
    "weights": {
      "DIS": 0.0,
      "QQQ": 1.293774075455614e-17,
      "BMA.BA": 0.0,
      "VEA": 0.1079418489811697,
      "EWZ": 2.031820278211055e-18,
      "NFLX": 0.02329325884107317,
      "^MERV": 0.0,
      "ALUA.BA": 0.09719074595277703,
      "VTI": 2.399676450773329e-19,
      "PAMP.BA": 0.1044734505507663,
      "IVV": 4.555447033270221e-18,
      "^GSPC": 0.0,
      "GOOGL": 0.0,
      "MSFT": 0.07658051362620427,
      "BYMA.BA": 0.2223074843644297,
      "AAPL": 2.5046068798938882e-18,
      "TSLA": 1.6368604426382514e-18,
      "COME.BA": 0.14152474137181592,
      "TXAR.BA": 0.06879827845183481,
      "SPY": 0.0,
      "CRES.BA": 0.02703477473078092,
      "GGAL.BA": 1.6924536471481132e-19,
      "META": 0.0,
      "^IXIC": 0.0,
      "NVDA": 0.0,
      "AMZN": 0.0014571897710048964,
      "VWO": 0.02885959477393318,
      "YPFD.BA": 7.72434548279597e-20,
      "CEPU.BA": 1.3965044218219042e-17,
      "IBM": 0.10053811858421002
    },
    "rendimiento": 0.40781520266125076,
    "volatilidad": 0.22611875880424637,
    "sharpe_ratio": 1.5824215759605136,
    "success": true
  },
  "valid_assets": [
    "DIS",
    "QQQ",
    "BMA.BA",
    "VEA",
    "EWZ",
    "NFLX",
    "^MERV",
    "ALUA.BA",
    "VTI",
    "PAMP.BA",
    "IVV",
    "^GSPC",
    "GOOGL",
    "MSFT",
    "BYMA.BA",
    "AAPL",
    "TSLA",
    "COME.BA",
    "TXAR.BA",
    "SPY",
    "CRES.BA",
    "GGAL.BA",
    "META",
    "^IXIC",
    "NVDA",
    "AMZN",
    "VWO",
    "YPFD.BA",
    "CEPU.BA",
    "IBM"
  ],
  "optimization_date": "2025-09-08 17:22:39.597792"
}